city,crisis,pre_crisis,recovery
Ahmedabad,12.70316509837468,43.596156377517445,6.25
Bengaluru,13.276026743075453,43.82579047251439,11.842105263157894
Chennai,13.161579389526743,43.7454412837345,14.285714285714285
Delhi,12.592124657822701,43.16244834710744,14.893617021276595
Hyderabad,12.117612117612117,44.03669724770643,5.263157894736842
Kolkata,13.241616509028376,43.547319655857045,0.0
Mumbai,12.39086011517741,43.23958744293524,11.363636363636363
Pune,13.926856298485408,43.44748858447488,8.333333333333332
